﻿<?xml version="1.0" encoding="UTF-8" standalone="yes"?>
<addon id="plugin.video.CubeTor" name="CubeTor" version="1.0.15" provider-name="Cubeplay">
  <requires>
	<import addon="script.module.metadatautilsmod" version="1.0.0" />
  </requires>
  <extension point="xbmc.python.pluginsource" library="default.py">
        <provides>video</provides>
  </extension>
  <extension point="xbmc.addon.metadata">
    <description lang="en">.</description>
    <platform>all</platform>
    <assets>
        <icon>icon.png</icon>
    </assets>
	<news>
	</news>
  </extension>
</addon>