﻿<?xml version="1.0" encoding="UTF-8" standalone="yes"?>
<addon id="plugin.video.CubePlay" name="Cube Play" version="1.0.19" provider-name="CubePlay">
  <requires>
	<import addon="pvr.iptvsimple" version="7.5.1" />
  </requires>
  <extension point="xbmc.python.pluginsource" library="default.py">
        <provides>video</provides>
  </extension>
  <extension point="xbmc.addon.metadata">
    <description lang="en">Addon modificado do PlaylistLoader 1.2.0 por Avigdor https://github.com/avigdork/xbmc-avigdork. Não somos responsáveis por colocar o conteudo online, apenas indexamos.</description>
    <platform>all</platform>
    <assets>
        <icon>icon.png</icon>
    </assets>
	<news>
	</news>
  </extension>
</addon>
