<?xml version="1.0" encoding="UTF-8" standalone="yes"?>
<addon id="plugin.video.CubePlayMeta" name="Cube Play Meta" version="1.0.10" provider-name="CubePlayMeta">
  <requires>
	<import addon="script.module.metadatautilsmod" version="1.0.40" />
	<import addon="script.trakt" version="3.4.1" />
  </requires>
  <extension point="xbmc.python.pluginsource" library="default.py">
        <provides>video</provides>
  </extension>
  <extension point="xbmc.addon.metadata">
    <summary lang="en">Cube Play Meta</summary>
    <description lang="en">Cube Play Meta</description>
    <platform>all</platform>
    <assets>
        <icon>icon.png</icon>
    </assets>
	<news>
	</news>
  </extension>
</addon>
