﻿<?xml version="1.0" encoding="UTF-8" standalone="yes"?>
<addon id="plugin.video.CubeTor" name="CubeTor" version="2.0.7" provider-name="Cubeplay">
  <requires>
	<import addon="script.module.metadatautilsmod" version="1.0.0" />
  </requires>
  <extension point="xbmc.python.pluginsource" library="default.py">
        <provides>video</provides>
  </extension>
  <extension point="xbmc.addon.metadata">
    <description lang="en">
1.3.0 - Dowload não irá parar e recomeçar se acessado o mesmo video
1.3.1 - Melhorado a forma de exibir os episódios (não mostrar os não exibidos ainda)
1.3.2 - Adicionado a opção de URL externa
1.3.3 - Pequenos ajustes
1.3.4 - Favoritos trailers.to
1.3.5 - Busca usando google caso não funcione a busca do Trailers.to
1.3.6 - Implementado indicação de assistidos para seasons
1.3.7 - Fix Busca usando google + Download manual trtv adicionado play
1.3.8 - Fix Fav Trtv.to
1.3.9 - Bypass buscar trtv usando github (Séries)
1.3.10 - Bypass buscar trtv usando github (Filmes)
1.4.0 - Nova forma de retorno id trtv
1.4.1 - Marcado como visto as séries que já foram vistas
1.4.2 - Alterado opções de proxima reproducao (trakt)
1.4.3 - Fix proxy
1.4.4 - Fix url trailers.to
1.4.5 - Adicionado indicações de filmes
1.4.6 - Fix url trtv
1.4.7 - fix imdb trtv
1.4.8 - fix url trtv
1.4.9 - fix 2022 year missing
1.5.0 - Fix no erro de season e epis (provisorio?) do trailers.to
1.5.1 - improve url + elementum, clean download path
1.5.2 - Next Tor
1.5.3 - Retorno (1.5.0) fix season e epi do trailers.to
1.5.4 - Minor tweaks (sort episode/status)
1.5.5 - Minor fixes
1.5.6 - Fix temporadas que não eram mostradas trailers.to
2.0.0 - Stremio
	</description>
    <platform>all</platform>
    <assets>
        <icon>icon.png</icon>
    </assets>
	<news>
	</news>
  </extension>
</addon>