﻿<?xml version="1.0" encoding="UTF-8" standalone="yes"?>
<addon id="plugin.video.CubeTor" name="CubeTor" version="1.3.5" provider-name="Cubeplay">
  <requires>
	<import addon="script.module.metadatautilsmod" version="1.0.0" />
  </requires>
  <extension point="xbmc.python.pluginsource" library="default.py">
        <provides>video</provides>
  </extension>
  <extension point="xbmc.addon.metadata">
    <description lang="en">
1.3.0 - Dowload não irá parar e recomeçar se acessado o mesmo video
1.3.1 - Melhorado a forma de exibir os episódios (não mostrar os não exibidos ainda)
1.3.2 - Adicionado a opção de URL externa
1.3.3 - Pequenos ajustes
1.3.4 - Favoritos trailers.to
1.3.5 - Busca usando google caso não funcione a busca do Trailers.to
	</description>
    <platform>all</platform>
    <assets>
        <icon>icon.png</icon>
    </assets>
	<news>
	</news>
  </extension>
</addon>